20대,30대,40대,50대,~64,65~,남성,여성,특약부부,특약 미가입,특약 기타,특약 기명피보험자1인,특약 가족,남성 TAAS,여성 TAAS
0.005509669,0.0037479538,0.03387316,0.004498881,0.02248713,0.010353629,0.040209573,0.025432728,0.043750722,0.05504297,0.065109566,0.045383185,0.08761501,0.008801341,0.0034251872
